artista,musica
"Vintage Culture; MAGNUS; Agents Of Time","Nothing Ever Changes - Agents of Time Remix"
"Rebuke; Konstantin Sibold; ZAC; CARMEE","Along Came Polly (Konstantin Sibold, ZAC, CARMEE Remix)"
"Cassian","Memento"
"RAFFA GUIDO; Goom Gum","Famax - Goom Gum Remix"
"Kiko Franco","LOW"
"Swedish House Mafia; Niki & The Dove; Francis Mercier","Lioness - Francis Mercier Remix"
"ZAC; BAKKA (BR); OFIER","Rapunsel"
"Sifa; Vaut","NO MORE"
"Vintage Culture; Bruno Be; Öwnboss; Ashibah","Intro (Rework) - Remix"
"Cassian; ICEHOUSE","Great Southern Land"
"ZAC; PACS","Lost - Remix"
"Victor Lou","Kanyes"
"Marc DePulse; Rafael Cerato; Hadar; Malandra Jr.","Make a Show (Malandra Jr. Remix)"
"Vintage Culture; Meca","Colour of My Heart"
"Vintage Culture; Gabe; Bondi","Creep (feat. Bondi)"
"Vintage Culture; FFLORA; Meca; Tristan Henry","Butterflies (feat. Tristan Henry)"
"Vintage Culture","Love Goes"
"Vintage Culture; Rooftime","I Will Find"
"Vintage Culture; Dashdot","Sinners & Fools"
"Vintage Culture; KVSH","Descontrol"
"Vintage Culture; Fancy Inc; The Beach","Cali Dreams (feat. The Beach)"
"Shouse; Vintage Culture; Kiko Franco","Love Tonight (Vintage Culture & Kiko Franco Remix Edit)"
"Tiësto; Vintage Culture","Coffee (Give Me Something)"
"Runic","Slapass"
"Dropack; Zambelli; Henrique Dinelli","On My Mind"
"Dropack; VOV","You Got Me"
"Dropack; VOV","Anymore"
"Dropack; Mothif; Equinox","Happiness"
"Dropack; Makloud","Surface"
"Liu; HAWK.; Erjona Sylejmani","Hanging Tree"
"Alok; Liu; Stonefox","All I Want"
"Nicky Romero","Symphonica - Original Mix"
"Lucky Luke","Cooler Than Me"
"Gaullin; Lucky Luke","What's Up"
"Tiësto","Lay Low"
"Vintage Culture; Fancy Inc","In The Dark"
"Flux Zone","The Underground"
"Vintage Culture","Hollywood"
"Mike Posner; Seeb","I Took A Pill In Ibiza - Seeb Remix"
"GUILC","Put It On You"
"Olly Alexander (Years & Years); Gryffin","Desire - Gryffin Remix"
"Shouse","Won't Forget You (Edit)"
"Alok; Solardo","Over Again"
"Depeche Mode; Massano","Ghosts Again - Massano Remix"
"Anyma; Chris Avantgarde","Eternity"
"CamelPhat; Anyma","The Sign"
"CamelPhat; Ali Love","Spektrum (feat. Ali Love)"
"Adriatique; Marino Canal; Delhia De France","Home"
"Kölsch; Troels Abrahamsen; ARTBAT","All That Matters - ARTBAT Remix Radio Edit"
"Vintage Culture","Tango"
"Adriatique; Marino Canal","All I Ever Wanted"
"RÜFÜS DU SOL; Adriatique","On My Knees - Adriatique Remix"
"Swedish House Mafia; Adriatique; The Weeknd","Moth To A Flame (feat. The Weeknd) - Adriatique Remix"
"CamelPhat; Elderbrook","Cola"
"Adam Port; Monolink","Point Of No Return"
"Able to Resist","Time"
"Franky Wah; Vintage Culture","Alive"
"Vintage Culture; Coach Harrison","Hear you calling"
"Monolink","Burning Sun"
"Luedji Luna; Maz","Banho de Folhas - Maz Remix"
"Stephan Jolk","Freedom"
"Jimi Jules; Anyma; Cassian","My City's On Fire - Anyma & Cassian Remix"
"Mathame","To Hope"
"Olivier Giacomotto","The Unknown"
"FractaLL; Fabio Fusco","Don't Ya (Fabio Fusco Remix)"
"Franky Wah; Artche","Dawn"
"Creeds","Push Up - Main Edit"
"Vini Vici; Neelix; MKLA","Come Close"
"Neelix","Bang Bang"
"Neelix","Rebellion"
"Neelix; Caroline Harrison","There Was A Time"
"Neelix; Durs; Grynder","The Day We Met (Grynder Remix)"
"Neelix","Winter Sun"
"Neelix; Ghost Rider; The Gardener & The Tree","Wonders"
"Dead Musicians Society; Aura Vortex; Blazy; UnderCover","Balikali - Dead Musicians Society & Aura Vortex & Blazy Remix"
"Berg","Universe"
"Mickey Valen; Joey Myron","Chills - Dark Version"
"Ex Habit","Who Do You Want"
"Fred again..; Skrillex; Four Tet","Baby again.."
"Fred again..; The Blessed Madonna","Marea (we’ve lost dancing)"
"Eelke Kleijn; Joris Voorn","Transmission - Joris Voorn Remix"
"Massano","The Feeling - 2022 Remaster"
"Rebūke","Glow"
"Goom Gum","Chant"
"Vintage Culture; Fideles; Be No Rain","Fallen Leaf"
"Rocksted; Gabe","Want You (Rework)"
"Massano","System"
"Dezko","Ascend"
"Flux Zone; Hoost","Machine Hearts"
"Pontifexx","Interstellar (Remix)"
"RÜFÜS DU SOL; Vintage Culture","Next to Me - Vintage Culture Remix"
"Dashdot; Maxximal; Ashibah; ZAC; BAKKA (BR)","Make It Better [ZAC & BAKKA (BR) Remix]"
"ANOTR; Abel Balder","Relax My Eyes"
"Gorillaz; Tame Impala; Dom Dolla; Bootie Brown","New Gold (feat. Tame Impala and Bootie Brown) - Dom Dolla Remix"
"MEDUZA; Sam Tompkins; Em Beihold","Phone"
"Fred again..; Swedish House Mafia; Future","Turn On The Lights again.. (feat. Future)"
"Durdenhauer; A$AP Rocky; Skepta","Praise The Lord (Da Shine) (feat. Skepta) - Durdenhauer Edit"
"Autograf","Runaway"
"Rush Martines","Attention"
"Bedouin; Vintage Culture","Tijuana - Vintage Culture Extended Remix"
"Reflekt; Tim van Werd; delline bass","Need To Feel Loved - Tim van Werd Remix"
"Argy; Goom Gum","Pantheon"
"Fella; Marcus Cardello; LLALLO","Dream of Us"
"Odd Mob","Intrinsic"
"Odd Mob; OMNOM","Losing Control"
"Empire Of The Sun; southstar","We Are The People - southstar Remix"
"Vintage Culture","Amanhã"
"Vintage Culture","What U Want"
"Monolink; ARTBAT","Return to Oz - ARTBAT Remix"
"Kaitlyn Delay; EMSKI","Creation"
"OIBAF&WALLEN; Olivier Giacomotto","Luana - Olivier Giacomotto Remix"
"Gabe; Vintage Culture; Bondi","Caught in Between - Remix"
"Sainte Vie","Labyrinth"
"Bob Moses","Round & Round"
"The Temper Trap; Vintage Culture; Lazy Bear","Sweet Disposition (Vintage Culture & Lazy Bear Remix)"
"Spencer Brown","Good Times"
"Alok; Ella Eyre; Kenny Dope; Never Dull","Deep Down (feat. Never Dull)"
"ARTBAT; Shall Ocin; braev","Origin"
"Stardust; Benjamin Diamond; Alan Braxe; Thomas Bangalter","Music Sounds Better With You - Radio Edit"
"Joris Voorn; Nathan Nicholson","You & I"
"Sifa; Najjin","Body and Soul pt II"
"Return Of The Jaded; Karsten Sollors","Step Into It"
"VITO (UK)","Swang"
"Vintage Culture; Pimpo Gama","Yesterday"
"John Summit; HAYLA","Where You Are"
"DANNY AVILA","Chase The Sun - VIP"
"BENNETT","Vois sur ton chemin - Techno Mix"
"Daniel Rateuke","Oudara - Club Mix"
"Anyma","Explore Your Future"
"Zeca Veloso; Antdot; Maz","Todo Homem - Antdot & Maz (BR) Remix"
"Vintage Culture","Fractions"
"Dominic Fike","Vampire"
"Dubdogz; Bhaskar; Calmani & Grey; Séb Mont","100 Degrees"
"Jetlag Music; HOT-Q; ZOO","Brisa"
"Classmatic; Nfasis","Toma Dale"
"Elderbrook; Joris Voorn","Numb - Joris Voorn Remix, Edit"
"Argy; Omnya","Aria"
"Nihil Young; TYGR TYGR","Control"
"Agents Of Time","Zodiac"
"Clap Codex","Falling Apart"
"Monolink; Innellea","Under Dark - Innellea Remix"
"illusionize","Moogzera"
"Armin van Buuren; The Stickmen Project","No Fun"
"Malaa","How it is"
"Anyma; Argy; MAGNUS","Higher Power"
"Agents Of Time","Apocalypse"
"Vanessa Da Mata; Felguk; Cat Dealers","Ai Ai Ai - Felguk & Cat Dealers Remix"
"Elderbrook; Bob Moses","Inner Light"
"Vintage Culture; Tube & Berger; Kyle Pearce","Come Come"
"Estiva; Marsh","Via Infinita - Marsh Remix"
"James Mac; Vall; Rosalie","The Boy Is Mine"
"Zakes Bantwini; Kasango; Bruno Be; Ralk","Osama - Bruno Be, Ralk Rework"
"ANNA","Outside Time"
"Marino Canal","Independence"
"Neelix; Caroline Harrison; Blazy","Makeup (Blazy Remix)"
"ZAC","Type Z"
"Bruno Be; Fancy Inc","Spectrum (Say My Name)"
"Jovem Dionisio; Vintage Culture; Future Class","Pontos de Exclamação - Vintage Culture & Future Class Remix"
"Bruno Be; Kiko Franco","Friday Night (It's Not Right)"
"Bruno Be; Julio Torres; Emmathomas","Falling For You"
"Bruno Be; Lacosh","Best Friends"
"Reezer; Meca; Vintage Culture","Shining Soul (Vintage Culture Remix)"
"The Irrepressibles","In This Shirt"
"Mencaroni","Amarelo, Azul e Branco"
"Vintage Culture; Bhaskar; Meca; The Vic","Tina"
"Massano","Shut Down"
"Massano","Cybernova"
"ARTBAT; John Martin","Coming Home (feat. John Martin)"
"Vintage Culture; Fancy Inc; Roland Clark","Free"
"Pyramid","See You in the Other Side"
"Beltran; Mandragora","Moonlight"
"Fideles; CamelPhat; Be No Rain","Night After Night - CamelPhat Remix"
"Øostil; Juan Hansen; Massano","Drown (Massano Remix)"
"Adriatique; WhoMadeWho","Miracle"
"Goom Gum","Legion"
"Depeche Mode","Enjoy the Silence"
"Depeche Mode","Precious"
"Kurd Maverick","Blue Monday - Vandalism Remix Radio Edit"
"Boris Brejcha; Laura Korinth","Gravity (feat. Laura Korinth) - Edit"
"Bob Moses; ZHU; Vintage Culture; Kiko Franco","Desire - Vintage Culture & Kiko Franco Remix"
"ARTBAT; John Martin; Vintage Culture","Coming Home (feat. John Martin) - Vintage Culture Remix"
"Noir; Haze; Solomun","Around - Solomun Vox"
"Foals; Solomun","Late Night - Solomun Remix"
"Dead Musicians Society; Kamoto","Paradise"
"Blazy; Sighter; Basscannon","Dystopia"
"illusionize; DJ Glen","Oscillator"
"Massano","Betrayal"
"cassö; RAYE; D-Block Europe","Prada"
"UNSECRET; Young Summer","Can You Hear Me"
"System F","Adagio For Strings"
"Knorst; MeMachine; ID ID","Just Trust - ID ID Remix"
"Mila Journée","No Es No"
"RY X; Agents Of Time","Your Love (Agents of Time Remix)"
"Sifa; Stanka","UNKNOW"
"Disclosure; Eliza Doolittle; Rivo","You & Me - Rivo Remix"
"Bolth","Under the Glow"
"Adriatique; Delhia De France","The Future Is Unknown"
"Mark Stereo; LaRoux","Made Of Dust - In4TheKill Version"
"Goom Gum","A Cappella"
"Ticon","1987"
"Vintage Culture","Sometimes"
"Eynka","Skyboarding"
"Vintage Culture; Maverick Sabre; Tom Breu","Weak"
"Vintage Culture; Tube & Berger; Kyle Pearce","Come Come"
"Karmon; Terry Shand","Take My Hand"
"John Summit; Guz; Stevie Appleton","What A Life (feat. Stevie Appleton)"
"Samantha Loveridge; Treetalk","Losing My Religion"
"Bhaskar; JADED; The Vic","When I See It"
"Dubdogz; Watzgood; Céu","Sem Chão (Malemolência)"
"Gotye; FISHER; Chris Lake; Kimbra; Sante Sansone","Somebody (2024)"
"Maz; APACHE (FR); MAXI MERAKI; Tabia","Nothing On Me"
"Swedish House Mafia; Mau P","Ray Of Solar - Mau P Remix"
"Gordo","TARAKA"
"Alok; The Chainsmokers; Mae Stephens; Pontifexx","Jungle - Pontifexx Remix"
"Ninetoes; Carl Cox","Finder - Carl Cox Remix Edit"
"Gordo; Feid","Hombres y Mujeres"
"Moderat; Keinemusik; Rampa; &ME","More Love - Rampa &ME Remix"
"&ME; Black Coffee; Keinemusik","The Rapture Pt.III"
"Kiko Franco; Moser; Dyve","Told You"
"Victor Lou; Gesualdi","Baile Lotadão"
"8Kays; Chris Avantgarde; Juan Hansen","Falling Down - Chris Avantgarde Remix"
"Miirage; Ale Vaz","Welcome To The Garden"
"Ale Vaz; FM.GO","Peace"
"Vintage Culture; Goodboys","This Feeling"
"Steve Angello; Laidback Luke; Robin S; Dubdogz","Show Me Love - Dubdogz Remix"
"Alok; Vintage Culture; Oxia","Domino (feat. Oxia)"
"Kelis; Alex Wann","Milkshake 20 - Alex Wann Remix"
"Infected Mushroom; Skazi","I Wish - Skazi Edit"
"Infected Mushroom","I Wish"
"Nu; Jo.Ke; DSF","Who Loves The Sun - DSF Remix"
"ARTBAT; Armin van Buuren","Take Off"
"ARTBAT; WhoMadeWho","Closer"
"ARTBAT","Remember"
"Vintage Culture; Izzy Bizu","If I Live Forever"
"Dubdogz; RUBACK; Ticon; Raja Ram","Dance Is The Answer (feat. Raja Ram)"
"John Summit; HAYLA","Shiver"
"Sgt Slick","Gimme! Gimme! Gimme! - Sgt Slick's Melbourne Recut - Edit"
"Kevin de Vries; Lehar","Tokyo Nights"
"Kevin de Vries","Dance With Me"
"Kevin de Vries; Mau P","Metro"
"Fabø; Karmon","Where I Stand - Karmon Remix"
"Grigoré","BE ARTIST OF YOUR LIFE"
"Korolova; MotherEarth; Tyoz","Nightshapes"
"Doctors On Decks; ZAC","Now - Zac Remix"
"Visage Music","Cupid"
"RÜFÜS DU SOL; Anyma","Alive - Anyma Remix"
"CamelPhat; RHODES; Vintage Culture","Home - Vintage Culture Remix"
"RUBACK","CHAOS"
"RUBACK","Close Your Eyes"
"RUBACK; Sevenn","RIDERS ON THE STORM"
"Lost Frequencies; Bastille","Head Down"
"Lost Frequencies; Calum Scott","Where Are You Now"
"illusionize; Y&M","My Body (feat. Y&M)"
"Dropack","Lost In This Moment"
"Bhaskar; RUBACK","Feel Your Touch"
"Vintage Culture; Wolf Player; Jets","Things"
"ARTBAT; Another Life; CAY (DE)","In Your Arms"
"Tinlicker; Helsloot","Because You Move Me"
"Dark Heart; Be No Rain","Visions"
"RÜFÜS DU SOL","Brighter"
"Swedish House Mafia","Greyhound"
"Vintage Culture; RICCI","Wild Kidz"
"Alex Cortex","Discola - Original Mix"
"Pontifexx; AXXE; Ventura","My Fears (Intro Tomorrowland)"
"Astrix; Rising Dust","Universo"
"John Carril","Solitude"
"Far&High; Adam Sellouk; Oriss","Sans Vetements - Adam Sellouk & ORISS Remix - Edit"
"Rooftime","It's All About"
"Rooftime","Live Your Life"
"RAFFA GUIDO","Famax"
"Anyma; PARISI","Sacrifice (with PARISI)"
"Lana Del Rey; Anyma","Say Yes To Heaven - Anyma Remix"
"Anyma; CamelPhat; Kevin de Vries","The Sign - Kevin de Vries Remix"
"Gundamea; Korolova; Andy Ruddy","Sweet Disposition"
"Blazy; Kevin Brauer","Harvest Moon"
"Space Motion","Baiana - Radio Edit"
"Sifa","Seven Nation Army"
"CamelPhat; Cristoph; Jem Cooke","Breathe"
"Goom Gum","Rondo"
"Franky Rizardo","Dance To The Rhythm"
"Sebastian Ingrosso; Steve Angello; RYCH DSYGNR; Moonphazes","Skip - Moonphazes & RYCH DSYGNR Remix"
"Sharam; Adam Beyer; Layton Giordani; Green Velvet","PATT (Party All The Time) - Adam Beyer, Layton Giordani & Green Velvet Remix"
"Matt Sassari","Give It To Me - Full Vocal Mix"
"Caiiro; AWEN; Adam Port","Your Voice - Adam Port Remix"
"Maceo Plex; Faithless","Insomnia 2021 - Epic Edit"
"Gui Boratto","Azzurra - It´s Not The Same Version"
"Meriva","Sunburst"
"Can't Get No Sleep","Insomnia"
"Tunnelvisions","Acid Neverland"
"Roddy Lima","Effector"
"Franky Wah; AR/CO; Vintage Culture","Under The Sun - Vintage Culture Remix"
"Reflekt; delline bass; Tinlicker","Need To Feel Loved - Tinlicker Remix"
"Joezi; Coco; Pape Diouf","7 Seconds"
"PACS","TIMESHIFT"
"Fred again..; Duoteque; Orion Sun","ItsNotREEAALLLLLLLL"
"RIKO & GUGGA","Voyage Voyage"
"Adam Sellouk; Konstantin Sibold","The Dusk"
"Konstantin Sibold","Madeleine"
"Zerb; Timmy Trumpet; Sofiya Nzau","Mwaki - Timmy Trumpet Remix"
"Argy; Baset","Sierra"
"CamelPhat; SOHN; Massano","Turning Stones - Massano Remix"
"Lavern","Hold Me"
"NILU (DK)","We Both Know"
"Bhaskar; Dana Williams","Nobody’s Perfect (feat. Dana Williams)"
"Roddy Lima; Victor Lou","Volta"
"Argy; Weekend Heroes","No One’s Coming"
"Victor Lou; illusionize; Visage Music","Fé"
"Maz; VXSION; Dawn Patrol","Amana"
"Pontifexx; No/Me; Avi Snow; Patrus","Begging For Healing"
"Chris Avantgarde; Kevin de Vries","Killa"
"Jan Blomqvist; Rodriguez Jr.","Destination Lost"
"Pryda","Allein"
"Pryda","Mirage"
"Eric Prydz","Generate"
"Loulou Players; Pimpo Gama","Brava Beach Song"
"James Hype","Wild"
"Rooftime","Spinnin' Circles"
"Gui Boratto; Antdot; BAKKA (BR)","Déjeuner Sur L'Herbe - Antdot & Bakka (BR) Remix (Gui Boratto Edit)"
"Rockwell; Syzz","Somebody's Watching Me - Syzz Remix"
"Grigoré","El Tiempo"
"Bless You","Celeste"
"Joris Voorn; AVIRA","The Orange Theme"
"Guys From Desert","GUIDE ME"
"Guy J","Illusions"
"Guy J","Lost & Found - Original Mix"
"Elton John; Dua Lipa; Claptone","Cold Heart - Claptone Remix"
"Underworld","Born Slippy (Nuxx)"
"Hypaton; David Guetta","Feeling Good"
"Swedish House Mafia; Connie Constance","Heaven Takes You Home (feat. Connie Constance)"
"Dimitri Vegas & Like Mike; MOGUAI; Like Mike","Mammoth"
"Victor Lou; Duarte","Colors"
"ENNE (BR); Duarte","Maracatu"
"Heerhorst","The Show"
"Miss Monique; AVIRA; LUNA","Subterranean"
"Mind Against; Dyzen","Freedom - Original Mix"
"CamelPhat; ARTBAT; RHODES","For a Feeling (feat. RHODES)"
"Loofy; Anyma; Layton Giordani","Last Night - Anyma x Layton Giordani Remix"
"Tim Engelhardt; Sean Doron","So Good"
"Mau P","On Again"
"Gal Costa; illusionize; Linkage","Azul - Illusionize & Linkage Remix"
"CIOZ; Ryan Murgatroyd","Wachaka"
"Maceo Plex; Oscar and the Wolf","All Night (Garage Version)"
"Vintage Culture","Strange Feelings"
"Timothy Allen","Rapture"
"Zerb; Tiësto; Sofiya Nzau","Mwaki - Tiësto's VIP Mix"
"Faithless; Nathan Ball; Patrice Bäumel","Synthesizer (feat. Nathan Ball) (Patrice Bäumel Remix) (Edit)"
"Vintage Culture; Emery Taylor","Hero"
"Vintage Culture; braev","Time"
"Dubdogz; Bruno Be; GHOSTT; The Chain Gang Of 1974","Sleepwalking (feat. The Chain Gang of 1974)"
"John Summit; HAYLA; Cassian","Shiver - Cassian Remix"
"Gabe; Viot; Black Alien","Como Eu Te Quero - Remix"
"Victor Lou; Mazuk","Untitled (Trance Remix)"
"Blazy; Sighter","Taboo"
"Adriatique; Solique; ALSO ASTIR","Changing Colors"
"Noir; Hayze; Solomun","Around - Solomun Vox [Mixed]"
"me n ü","IT MIGHT BE THE DRUGS"
"Anden; Yotto","Grouplove"
"Tiësto; Tears For Fears; DEPARTAMENTO; GUDFELLA","Rule The World (Everybody) [DEPARTAMENTO Remix]"
"Jan Blomqvist; Ben Böhmer","The Space In Between - Ben Böhmer Remix"
"Vintage Culture; The Temper Trap","Too Far Down The Trap"
"Mochakk","False Need"
"Moby; Vintage Culture","My Only Love - Vintage Culture Remix"
"Bruno Be","Street Spirit"
"Hot Chip; Sasha","Flutes - Sasha Remix"
"Vintage Culture; Kalozy; JØRD","Losing - Remix"
"Adam Port; Stryv; Keinemusik; Orso; Malachiii","Move"
"SCRIPT","On The Low"
"Gabe; Tough Art","Good Times"
"Korolova; Monophase (IT)","Voyager"
"Jackal Music; Rafa Carneiro; DJ Rodrigo Vava","Water - Remix"
"Above & Beyond; Justine Suissa; Ashibah","Almost Home (ABGT470) - Ashibah Remix"
"Vintage Culture; Maverick Sabre; Tom Breu; Andrea Oliva","Weak - Andrea Oliva Remix"
"Cat Dealers; HRRTZ","Be Alright"
"Bruno Be; BAKKA (BR); AGGE","Go Back (feat. AGGE)"
"Goom Gum","Desire"
"Guys From Desert; Ario Vibes","Hamra"
"The Temper Trap; John Summit; Silver Panda","Sweet Disposition - John Summit & Silver Panda Remix"
"Pontifexx; Riascode","Horizon"
"Armin van Buuren; David Guetta; Aldae","In The Dark"
"Niels Van Gogh; ANNA","Pulverturm - ANNA Rework"
"Gorgon City","Are You Feeling It Too?"
"ZHU","Faded"
"Vintage Culture; Yellowitz; Kevin de Vries","Just Like Home - Kevin de Vries Remix"
"BAKKA (BR); Kobbaia; Nezello; Seas; Nina Oliveira","Brava"
"illusionize; Brave Culture","N'Body Problem (feat. Brave Culture)"
"RÜFÜS DU SOL","Lately"
"IDQ; Yousef","Sympho - Yousef Remake"
"Ahmed Spins; Stevo Atambire","Anchor Point"
"Avan7","Hagne"
"Victor Lou; MC Theuzyn","SOCA SOCA DO SUBMUNDO (SHARK VERSION)"
"Jack District; Tim Maia","Acenda o Farol - Jack District Remix"
"Bonobo","Expander"
"Bonobo","Rosewood"
"Fireboy DML; Peace Control","Peru - Peace Control Remix"
"Marasi","Opera"
"Eric Prydz","Opus"
"Rebūke; Fēlēs","Out Of My Mind"
"Âme","Asa"
"Cassian","Dun Dun"
"Vintage Culture; Solomun","Strange Feelings - Solomun Remix"
"Portugal. The Man; Jeff Bhasker; Anyma","Time’s a Fantasy (feat. Jeff Bhasker) - Anyma Remix"